response_id,prolific_pid,typed_prolific_id,start_date,end_date,recorded_date,duration_sec,progress,finished,consent,n_items,n_human_origin,n_model_origin,mean_t_v_page_submit,mean_t_r_page_submit,n_fast_verdict_pages,n_fast_response_pages,outro_paraphrase,flag_short_duration,flag_any_fast_page,flag_duplicate_pid,flag_qc_review
R_7SO0KxwOIIXw5yx,6a1319c4c12cd346dece9fba,,2026-08-18 17:31:12,2026-08-18 17:36:36,2026-08-18 17:36:37,324,100,True,I consent to participate,5,1,4,31.488599999999998,19.3106,0,0,"in one of them the kids at another table were abusing the specimen, she yelled at them and called them retards",0,0,0,0
R_7k0t1MIMZjLkRnO,65bda9a2211c74f0d87b4f97,,2026-08-18 17:31:37,2026-08-18 17:37:01,2026-08-18 17:37:01,323,100,True,I consent to participate,5,3,2,20.356,29.013600000000004,0,0,you're in the wrong. it was an inappropriate time to laugh at a serious topic such as someone missing.,0,0,0,0
R_1Pd6Lq4IjVtZaZF,69b539c1ef7f025074f1dc49,,2026-08-18 17:31:08,2026-08-18 17:37:47,2026-08-18 17:37:48,398,100,True,I consent to participate,5,2,3,14.919999999999998,27.548199999999998,0,0,"Response B said that the writer was wrong because losing the receipt was their own mistake, and waiting for a reprint would have been reasonable instead of walking out.",0,0,0,0
R_3ffNdIMkq3caUrp,6a0304badd96fea39fa3d31e,,2026-08-18 17:32:02,2026-08-18 17:37:52,2026-08-18 17:37:52,349,100,True,I consent to participate,5,2,3,28.274,23.3778,0,0,Your cousin came up with a solution to incorporate her character into the lore and you dismissed her.,0,0,0,0
R_1A2SBONApIK7CYp,69fe143fe0fc2630be12c1a4,,2026-08-18 17:31:26,2026-08-18 17:37:52,2026-08-18 17:37:53,385,100,True,I consent to participate,5,4,1,29.8636,35.8234,0,0,Youre in the wrong for giving extremely sour candy to 3/4 year olds that cant read or understand how sour it is ,0,0,0,0
R_6KlFY4S5LW8kZ64,5dd38420a71de83809342ca3,,2026-08-18 17:32:08,2026-08-18 17:38:02,2026-08-18 17:38:03,353,100,True,I consent to participate,5,2,3,27.672000000000004,33.486000000000004,0,0,the loser boyfriend was funny,0,0,0,0
R_3vTercHTnfDMLaF,6993243ae21bc4bc052fb60e,,2026-08-18 17:31:39,2026-08-18 17:38:03,2026-08-18 17:38:04,383,100,True,I consent to participate,5,3,2,40.339800000000004,26.423000000000002,0,0,It's gross that that guy rubs his potentially dirty feet on that girl's facial towel.,0,0,0,0
R_6Ima79PSF4y1pzi,697cd118af4b9f1235c8a580,,2026-08-18 17:30:56,2026-08-18 17:38:13,2026-08-18 17:38:14,437,100,True,I consent to participate,5,3,2,46.1564,24.0658,0,0,A man dismissed his wife's feelings entirely and balmed her for being upset about it after he said he wouldn't get her the engagement ring she wanted.,0,0,0,0
R_7NaiLFMow7dz237,69d014684617c9ab69f588c9,,2026-08-18 17:31:42,2026-08-18 17:38:14,2026-08-18 17:38:15,391,100,True,I consent to participate,5,4,1,42.02720000000001,23.5704,0,0,The man was probably in the wrong for handing out terrible sour candy to little kids,0,0,0,0
R_7ltctyR5SoxCsoR,6a00b0ca46e3f2822d0349b6,,2026-08-18 17:31:52,2026-08-18 17:38:42,2026-08-18 17:38:43,409,100,True,I consent to participate,5,4,1,37.882600000000004,31.666199999999996,0,0,You shouldn't discourage your wife's dreams before she's even had a chance to investigate it.,0,0,0,0
R_52sAAK98j7Nbwkz,5ec17a2e02be030625eaff6e,,2026-08-18 17:32:29,2026-08-18 17:38:53,2026-08-18 17:38:54,383,100,True,I consent to participate,5,1,4,25.0608,33.071,0,0,Am I in the wrong for correcting a service worker about an iced latte?,0,0,0,0
R_7C2FDktjySnDNGV,62a740d9c5f27d3efa9d9403,,2026-08-18 17:31:44,2026-08-18 17:38:53,2026-08-18 17:38:54,429,100,True,I consent to participate,5,1,4,43.989,24.3206,0,0,You were in the wrong and need to check yourself. Then listing out why you were wrong,0,0,0,0
R_1n3hP9fUyRr9YU9,66ba7fb4e4657773cfbc9189,,2026-08-18 17:32:43,2026-08-18 17:39:07,2026-08-18 17:39:08,384,100,True,I consent to participate,5,3,2,30.314,22.1034,0,0,"When someone's dog died, instead of telling the child the dog de-aged, tell them an age appropriate explanation of death. to avoid confusion and hurt later later",0,0,0,0
R_773DnVk5YvBIm61,5ea26aef3d576d186dcce75a,,2026-08-18 17:33:25,2026-08-18 17:39:08,2026-08-18 17:39:08,342,100,True,I consent to participate,5,3,2,24.6824,19.483,0,0,"I remember the ending for one of the responses to the parent telling your kid that santa is real, it said something along the lines of ""what a shit thing to say or do"". ",0,0,0,0
R_19iqkyoBwhZ6Msp,6969488b673aca094759706d,,2026-08-18 17:32:18,2026-08-18 17:39:21,2026-08-18 17:39:22,423,100,True,I consent to participate,5,4,1,49.438199999999995,21.873399999999997,0,0,"You don't know why your sister's boyfriend is in college at 27, so you're wrong to judge him so harshly.",0,0,0,0
R_69Uw1t9puYGXjJD,69e8d8794cd2df8c1346c1e3,,2026-08-18 17:30:54,2026-08-18 17:39:27,2026-08-18 17:39:28,513,100,True,I consent to participate,5,3,2,31.842399999999998,48.0822,0,0,"The dog poop one rightfully brought up something I hadn't thought of, that people who don't own dogs might not want dog poop smell in their trashcan. As someone who always had dogs, I didn't think that could cause problems but it could.",0,0,0,0
R_1GrgwmRgIXpcMwC,572a31e8d7299f000f7b594a,,2026-08-18 17:32:33,2026-08-18 17:39:30,2026-08-18 17:39:30,416,100,True,I consent to participate,5,2,3,32.3856,29.6758,0,0,"There was a women who was wondering if she was in the wrong for having her child spend their summer with extra school work. The responses both felt that she was in the wrong. They. agreed summer should be time for the child to have a break, free time, particularly since they seemingly worked hard academically all year.",0,0,0,0
R_6lWCokMlZOePVVJ,69430284205acb2aae3c0c93,,2026-08-18 17:31:47,2026-08-18 17:39:35,2026-08-18 17:39:35,467,100,True,I consent to participate,5,2,3,43.739599999999996,32.4874,0,0,One was the person cuddling in the long distantance relationship. Both answers saying they probably aren't ready for a LDR and should not be in one. ,0,0,0,0
R_61yyYcxLsaMWQzD,5e7b6486b704ac034e3f01c8,,2026-08-18 17:31:29,2026-08-18 17:39:37,2026-08-18 17:39:38,488,100,True,I consent to participate,5,4,1,52.5412,21.196199999999997,0,0,A nurse getting a comment that she is pretty from a patients wife. The response was that she made it awkward.,0,0,0,0
R_7exek3cEg3e9Xqu,5e0a67563ccda22f53a89c58,,2026-08-18 17:31:44,2026-08-18 17:39:44,2026-08-18 17:39:45,480,100,True,I consent to participate,5,3,2,36.54,46.855599999999995,0,0,"That a guy was wrong to tell his girlfriend not to hang out with a girl, even though she had given him death threats. ",0,0,0,0
R_5OOFs16wiadt4wr,6a10be5509ee5376f5ccfe51,,2026-08-18 17:33:00,2026-08-18 17:40:04,2026-08-18 17:40:05,424,100,True,I consent to participate,5,3,2,26.684999999999995,48.326,0,0,The husband was wrong for telling his wife not to attend medical school. ,0,0,0,0
R_54ovSK9Rq6tUIxJ,5d6349209b22da000117b1bd,,2026-08-18 17:32:33,2026-08-18 17:40:07,2026-08-18 17:40:08,454,100,True,I consent to participate,5,3,2,57.27419999999999,20.5532,0,0,A lowball offer and ghosting.,0,0,0,0
R_1taOZxJv4a1m8xa,69e56c8f8677d3d655d61941,,2026-08-18 17:31:32,2026-08-18 17:40:11,2026-08-18 17:40:12,519,100,True,I consent to participate,5,1,4,40.6888,49.9068,0,0,"You were in the wrong for not agreeing to celebrate Hannukah w/ your wife and son because marriage is about compromise, and you're not giving an inch. ",0,0,0,0
R_7KZp6awDFM89zJT,6a1311c0905ae128e69ebdf5,,2026-08-18 17:31:53,2026-08-18 17:40:22,2026-08-18 17:40:23,509,100,True,I consent to participate,5,3,2,47.4982,39.713,0,0,Man on bike ran red light. He was in the wrong.,0,0,0,0
R_1BW8DzqYkOu0lRf,69e2afb94e397398b10d3868,,2026-08-18 17:32:18,2026-08-18 17:40:36,2026-08-18 17:40:37,497,100,True,I consent to participate,5,2,3,34.257400000000004,42.861599999999996,0,0,The one with the cyclicst pullin gout in front and them wanting to use dash cam footage to post online about them being a jerk: Response wise both agreed that not only did the punishment not fit the crime but that doing this would lead to the possibility of workplace harassment.,0,0,0,0
R_7dTtOwWAWObElUd,5b564680ed90280001510d9a,,2026-08-18 17:31:15,2026-08-18 17:40:44,2026-08-18 17:40:45,569,100,True,I consent to participate,5,4,1,47.7718,52.8818,0,0,That some college students may attend college later because they don't have the money to do so in the traditionally expected timeframe.,0,0,0,0
R_1ocZ34lFnYEzxbE,69d98099bdabbd83c44f21f8,,2026-08-18 17:35:58,2026-08-18 17:40:59,2026-08-18 17:41:00,301,100,True,I consent to participate,5,1,4,20.787799999999997,28.247799999999994,0,0,"In the situation with the private Minecraft server, one response said that it was understandable to be frustrated when someone would not take “no” for an answer, but lying about letting him join in exchange for using his hotspot crossed the line because it gave him false hope and took advantage of him.",0,0,0,0
R_61ZdJgtFGqBeHMu,69fba1d76bc977f982998a3a,,2026-08-18 17:31:20,2026-08-18 17:41:02,2026-08-18 17:41:03,581,100,True,I consent to participate,5,1,4,48.02140000000001,46.869,0,0,"One situation involved a husband not fully supporting his wife's wishes of being a MD, the response was like hey why dont you become a paralegal instead of a lawyer",0,0,0,0
R_6ipPSMQlGTBqGoj,69839047e652a277dc831f3d,,2026-08-18 17:32:51,2026-08-18 17:41:07,2026-08-18 17:41:08,496,100,True,I consent to participate,5,3,2,45.613,39.6228,0,0,The person who took over for his boss is wrong for making an issue of his autistic co-worker.,0,0,0,0
R_7Ic50TgJPcdE806,69a485460eccc24bfdc63c39,,2026-08-18 17:31:34,2026-08-18 17:41:17,2026-08-18 17:41:18,582,100,True,I consent to participate,5,1,4,14.365799999999998,94.6354,0,0,They were not in the wrong because it was very valid,0,0,0,0
R_5S6vi6yDtuRAShT,69e8dccd63ae5e643a3a19bc,,2026-08-18 17:32:15,2026-08-18 17:41:30,2026-08-18 17:41:31,554,100,True,I consent to participate,5,4,1,48.9132,46.5652,0,0,Wearing a swastika in public is not a good idea.,0,0,0,0
R_3u5FvkWbIlbzznb,672c458ac79d8349d7c2a339,,2026-08-18 17:32:02,2026-08-18 17:41:36,2026-08-18 17:41:37,574,100,True,I consent to participate,5,4,1,39.2966,44.8454,0,0,Giving sour candy to kids on halloween because they wanted the good candy for themselves,0,0,0,0
R_6bHlDnqlxR0ssF9,69e39e2d7c072270cb7e0b21,,2026-08-18 17:31:55,2026-08-18 17:41:42,2026-08-18 17:41:43,586,100,True,I consent to participate,5,1,4,61.104200000000006,43.3716,0,0,A younger brother aspires to become famous on YouTube and the older sister outright tells him he won't ever get to that and will fail.,0,0,0,0
R_6mfqOhtulc9o9N5,6a11019577359971030ae8df,,2026-08-18 17:31:08,2026-08-18 17:42:00,2026-08-18 17:42:00,651,100,True,I consent to participate,5,2,3,69.28900000000002,40.1722,0,0,You were wrong for trying to get back at him but him pushing you is a big issue that needs addressed immediately.,0,0,0,0
R_5pygUaKvUQrkyiv,69d1745312a2f9a9c393a510,,2026-08-18 17:32:44,2026-08-18 17:42:15,2026-08-18 17:42:16,570,100,True,I consent to participate,5,2,3,32.6222,57.627199999999995,0,0,"You are in the wrong to not apologize when you kid grabs something from another kid, scares the kid and you don't apologize.  ",0,0,0,0
R_3fCvewsVfu6Fc4W,638e84c70418d8a2c0aa372e,,2026-08-18 17:32:59,2026-08-18 17:42:17,2026-08-18 17:42:18,558,100,True,I consent to participate,5,2,3,37.1288,53.38399999999999,0,0,"Although the whole pickle episode was funny and your friend was odd I can see him eating his pickle like a Victorian aristocrat, you were in the wrong. ",0,0,0,0
R_5jlBkOzt2wfg4tr,67bc755b022467c613763798,,2026-08-18 17:33:04,2026-08-18 17:42:25,2026-08-18 17:42:25,560,100,True,I consent to participate,5,0,5,40.25279999999999,57.497000000000014,1,2,,0,1,0,0
R_7xESE9EO5RwfO0q,66bfd4b46a7e9cec65d88461,,2026-08-18 17:32:36,2026-08-18 17:42:30,2026-08-18 17:42:31,594,100,True,I consent to participate,5,4,1,54.7466,45.10880000000001,0,0,Don't park in reserved spaces even if you find them to be trivial and annoying.  they serve a purpose. ,0,0,0,0
R_1c637ryYrXyswi2,62cbf51439a76e8fccd8a495,,2026-08-18 17:31:10,2026-08-18 17:42:37,2026-08-18 17:42:38,687,100,True,I consent to participate,5,3,2,47.858399999999996,53.6428,0,0,the one about the kid taking summer classes= Kids need a break from school. do not shut down his gamer dream and let him be way from the stress of school- he will remeber it more than the srtessfull summer doing school work,0,0,0,0
R_3RrX3Wpvzgr0etL,633643465b40568290457617,,2026-08-18 17:32:55,2026-08-18 17:42:37,2026-08-18 17:42:38,581,100,True,I consent to participate,5,1,4,55.39960000000001,50.388799999999996,0,0,"You're in the wrong, gently.",0,0,0,0
R_1cAAf8nEkeHaMSJ,67364113bdafe2840fa05b69,,2026-08-18 17:32:13,2026-08-18 17:42:45,2026-08-18 17:42:46,632,100,True,I consent to participate,5,2,3,59.4748,36.2624,0,0,"Saying I want to break up bc he wanted her to help more is crazy. I agree, if thats what makes you want to break up then your priorities are all wrong!",0,0,0,0
R_12PKdEYJ6pZ9ryQ,672bf480b98fd6d326fd1f69,,2026-08-18 17:32:21,2026-08-18 17:43:00,2026-08-18 17:43:00,638,100,True,I consent to participate,5,1,4,64.7148,35.128,0,0,That the 15 year old whos brother wanted to become a Youtuber should mind her own business when I was young I had all sorts of dreams and it was wrong for her to tell her brother to be realistic when he is only 13.,0,0,0,0
R_7cahEGeYnZeF6o1,697cac7d3bedace54477eb48,,2026-08-18 17:32:41,2026-08-18 17:43:08,2026-08-18 17:43:08,626,100,True,I consent to participate,5,1,4,38.688599999999994,55.735800000000005,0,0,"The responder called them out for them freaking out about taking a picture in public. They pointed out that the house is probably still on the real estate website with pictures, viewable on Google maps and is viewed by many people every day. They then asked if the person though the person taking the pictures ""was going to j off"" to the photos and told them to grow up.",0,0,0,0
R_32mvYEzeB5eBNdj,5d1a13a0ae692800192fa1c2,,2026-08-18 17:31:32,2026-08-18 17:43:07,2026-08-18 17:43:08,695,100,True,I consent to participate,5,0,5,50.0206,66.306,0,0,"A female perceives a waitress as flirting with her boyfriend.  It is her perception, not his.  She is mean, and spiteful to the waitress, taking her tip away and leaving a nasty note.  The responses were spot on...she was wrong.  The waitress was doing her job.",0,0,0,0
R_14B0N79nXL3zjIR,6997410a54242a13f5369786,,2026-08-18 17:32:48,2026-08-18 17:43:09,2026-08-18 17:43:09,620,100,True,I consent to participate,5,4,1,41.808600000000006,52.67380000000001,0,0,A man was mad at his wife because he felt she was eating too much Nutella while pregnant. Both responses told him to leave her alone about it and apologize.,0,0,0,0
R_1KrvEx0WeDJMPKi,6529648ca1ade4b6c9e876f4,,2026-08-18 17:32:04,2026-08-18 17:43:19,2026-08-18 17:43:20,674,100,True,I consent to participate,5,5,0,60.619600000000005,51.0682,0,0,"A left-handed person made fun of a person trying to become amidexterous, the responders thought she was mean.",0,0,0,0
R_6D29OeFHLyjdvDr,69d59fdaf0821befca92f432,,2026-08-18 17:32:06,2026-08-18 17:43:36,2026-08-18 17:43:37,690,100,True,I consent to participate,5,2,3,57.2352,60.53920000000001,0,0,"I am sorry, i can't off the top of my head, except to say ""You are wrong!"" lol",0,0,0,0
R_7Fr28Dy8HLk3Yv4,69ef7f22c7d65b937a595632,,2026-08-18 17:31:52,2026-08-18 17:43:42,2026-08-18 17:43:43,710,100,True,I consent to participate,5,3,2,51.4528,62.2282,0,0,answering emails and text during the music with the phone on silent. Both responses said they were in the wrong but i didnt see it that way if she was in the back and the theres no one around her,0,0,0,0
R_3qJ2Ag2chPigMqA,5e1510a1c76aa6b119558fd6,,2026-08-18 17:31:57,2026-08-18 17:43:50,2026-08-18 17:43:51,713,100,True,I consent to participate,5,3,2,89.88199999999999,32.7678,0,0,"The last one was about a boyfriend not feeling like paying so much for a wedding, which hurt the feelings of the girlfriend. A response saying that they can be more considerate of the conversation and talk about being able to budget for it.",0,0,0,0
R_7KdVX3sa0kCeMcZ,6a0a278fad5ca2506415e526,,2026-08-18 17:33:29,2026-08-18 17:43:52,2026-08-18 17:43:52,622,100,True,I consent to participate,5,3,2,73.23120000000002,20.9352,0,0,"You are in the wrong, and bringing up mental health at your wedding is very powerful and important and doesn't take away from you.",0,0,0,0
R_5YqD5y0ppC9m7zH,67417f2133472ff294734562,,2026-08-18 17:32:05,2026-08-18 17:43:54,2026-08-18 17:43:54,708,100,True,I consent to participate,5,3,2,53.996399999999994,64.0894,0,0,It was wrong to not tip the waitress for op's perception of her flirting with her boyfriend because she was just being nice and doing her job and it cost her financially and could impact her livelihood if she calls to complain.,0,0,0,0
R_5w4xGs66ZIsAZb4,600311bfedefe536b70dbca0,,2026-08-18 17:32:14,2026-08-18 17:43:56,2026-08-18 17:43:57,702,100,True,I consent to participate,5,2,3,44.0554,58.2888,0,0,"One situation had two parts to it - the first one the person was in the wrong for staging a situation to ""get back at"" and ""teach a lesson to"" her boyfriend. She got the reaction she wanted just ""more heated"". However, while she was in the wrong for THAT, the more serious issue is the light assault that happened afterwards. ",0,0,0,0
R_11dYNNVw2yuCEw5,67d94f701307ac0887c44909,,2026-08-18 17:33:25,2026-08-18 17:44:06,2026-08-18 17:44:07,640,100,True,I consent to participate,5,3,2,34.5182,69.0966,2,3,,0,1,0,0
R_6zI54KXtohwwJQB,5ba292385301b80001c71ba2,,2026-08-18 17:31:17,2026-08-18 17:44:10,2026-08-18 17:44:11,773,100,True,I consent to participate,5,4,1,88.5894,27.4118,0,0,Your in the wrong since thae heaor will grow back and it is not a big deal.,0,0,0,0
R_6P0gbDcgy27PBrL,633c74ad6178784ed5b52104,,2026-08-18 17:33:31,2026-08-18 17:44:12,2026-08-18 17:44:13,640,100,True,I consent to participate,5,3,2,36.3304,71.0692,0,0,Bad haircuts happen and will grow out.,0,0,0,0
R_7bYrOiCKVyYxhYt,69a8dcb4bc0c8d09de1533fd,,2026-08-18 17:31:52,2026-08-18 17:44:22,2026-08-18 17:44:23,749,100,True,I consent to participate,5,2,3,105.26200000000001,25.7928,0,0,not wanting to pay for gas,0,0,0,0
R_1EAXs3Ly3BWJ4jh,5bb9f9dad5330e000101a241,,2026-08-18 17:32:24,2026-08-18 17:44:25,2026-08-18 17:44:26,721,100,True,I consent to participate,5,1,4,43.757000000000005,53.102199999999996,0,0,"The husband was in the wrong for overstaying at the friend's event, and ignoring and abandoning the wife and kids on their anniversay. The husband's excuse for no service does not stand. ",0,0,0,0
R_6xL9K7CD8fF2mlj,69f9589d1e4d10e36e1cdb9f,,2026-08-18 17:32:26,2026-08-18 17:44:37,2026-08-18 17:44:37,731,100,True,I consent to participate,5,2,3,69.9602,52.628,0,0,"The annoying voice... I don't think it was wrong to tell her, even though both Ai's told him he was in the wrong and both answers were similar.",0,0,0,0
R_3DtXMv2BSbBXQyw,63faeccd22c0d2a8f1b9759e,,2026-08-18 17:33:24,2026-08-18 17:44:43,2026-08-18 17:44:44,679,100,True,I consent to participate,5,3,2,67.63300000000001,34.9262,0,0,You were in the wrong about the wedding as you wanted a rational conversation but shut your fiance down about their wedding desires they've had since they were a little girl.,0,0,0,0
R_3X5srkk8flLnNzb,660ddac593c7241c0bc7f06d,,2026-08-18 17:31:33,2026-08-18 17:44:45,2026-08-18 17:44:45,791,100,True,I consent to participate,5,3,2,50.283,87.333,0,0,"It was wrong to make him jealous, but the real problem is that he physically pushed you.",0,0,0,0
R_6j2Myl8Gigfd7ja,6a109959bad42a2eb6d30d69,,2026-08-18 17:34:26,2026-08-18 17:44:49,2026-08-18 17:44:50,623,100,True,I consent to participate,5,3,2,49.080799999999996,56.4188,0,0,You're in the wrong because your son is likely suffering from depression and punishing him instead of getting him help could just cause him to further check out. ,0,0,0,0
R_51yqlC84sGcVzlb,6942cdbe08f75d111bb9713d,,2026-08-18 17:32:08,2026-08-18 17:44:59,2026-08-18 17:45:00,770,100,True,I consent to participate,5,1,4,77.2824,54.9606,0,0,Don't sit at the back of the movie theater and text your customers. Leave your phone off during the movie or don't go it all if you can't unplug from work.,0,0,0,0
R_3LFUMdvuZJH79qp,59014ee029f42300013cc5b7,,2026-08-18 17:34:38,2026-08-18 17:45:00,2026-08-18 17:45:02,622,100,True,I consent to participate,5,1,4,51.475,63.5154,0,0,Calling classmates retarded for mistreating a worm,0,0,0,0
R_1ydvJjt6Z5dUiOf,5a4ff86beedc32000141f232,,2026-08-18 17:32:55,2026-08-18 17:45:07,2026-08-18 17:45:08,731,100,True,I consent to participate,5,1,4,81.18199999999999,46.520799999999994,0,0,A guy didn't want to go to the prom with his girlfriend because he was 19 with younger people he felt uncomfortable.,0,0,0,0
R_7jEb6n9J68FvaVO,6a0664fd0ed01e790744d610,,2026-08-18 17:31:24,2026-08-18 17:45:16,2026-08-18 17:45:17,831,100,True,I consent to participate,5,2,3,52.348,52.858399999999996,0,0,"The restaurant server supposedly flitting was the story to stuck the most in my mind, mainly because I have experience similar assumptions from a previous partner, is very hard for some women to actually not assume when some confirmation bias might be happening and triggering them to associate what is happening to what they are assuming to happen, in which reality is bent, and create an uncomfortable experience for all people involved, and stated in the responce she was in the wrong to punish someone financially, moreover someone that depends on tips, she did not touch or showed real flirting, and moreover to leave a note and no tip was extremely inhumane and wrong. ",0,0,0,0
R_5pG66b0LyuxAOHb,66f63aeba07bb69cb2f44c32,,2026-08-18 17:32:11,2026-08-18 17:45:23,2026-08-18 17:45:24,792,100,True,I consent to participate,5,2,3,66.88059999999999,62.598400000000005,0,0,"Your friend was right you said a douchey thing, he was hurting and you gave bad advice.",0,0,0,0
R_6PSNlJNOhlMc9v3,6a1b0d0752aac3ae3568e1d8,,2026-08-18 17:30:52,2026-08-18 17:45:26,2026-08-18 17:45:26,873,100,True,I consent to participate,5,2,3,89.1018,71.3862,0,0,The last one had to do with adding something to a person's online shopping cart just to avoid a shipping fee and then returning one of the items. ,0,0,0,0
R_11hd8KBUp3jNjQP,69e81608e6b55ad5d7505ff8,,2026-08-18 17:35:22,2026-08-18 17:45:31,2026-08-18 17:45:32,608,100,True,I consent to participate,5,4,1,45.431200000000004,50.333600000000004,0,0,A man using his girlfriend's facial towel to dry his feet off after a shower. He as absolutely in the wrong because he was contaminating the towel she used to clean her face.,0,0,0,0
R_7GqQszVdlmdYBLA,69afc44af08f990ebffa5059,,2026-08-18 17:31:59,2026-08-18 17:45:38,2026-08-18 17:45:39,819,100,True,I consent to participate,5,2,3,126.60560000000001,17.0372,0,0,One of the situations talked about carlos's significant other in a affair.,0,0,0,0
R_1V2YAj4EZwMi4sp,69efe7e0827cd2f49181acaa,,2026-08-18 17:31:18,2026-08-18 17:45:41,2026-08-18 17:45:42,863,100,True,I consent to participate,5,3,2,59.538,61.25659999999999,0,0,"Regarding the 12 year old dog that died and the parents told their 6 year old child that the dog has de-aged, one of the response was that the parents actions were wrong because it is important to explain to children what actually happened. For example, if the grandparents died, the child could ask why couldn't they just de-age like the dog?",0,0,0,0
R_7CCKyVS77kywZSH,697c38a45ad4a3dcff5053ca,,2026-08-18 17:33:36,2026-08-18 17:45:50,2026-08-18 17:45:51,733,100,True,I consent to participate,5,4,1,28.415200000000006,93.8014,0,0,one said that parents should tell their children the truth about dogs death instead of saying like the dog became a puppy again.,0,0,0,0
R_16UPU04hmdSzMC5,55b8d0bffdf99b0f2859fe73,,2026-08-18 17:31:31,2026-08-18 17:46:11,2026-08-18 17:46:12,879,100,True,I consent to participate,5,2,3,54.020399999999995,108.7998,0,0,Your girlfriend asked for your support so you should stay home with her.  There will be other opportunities to hang out with your friends.,0,0,0,0
R_3loRTdPc1I5kvnF,66a1bf056ab92a8d48010903,,2026-08-18 17:32:52,2026-08-18 17:46:14,2026-08-18 17:46:15,801,100,True,I consent to participate,5,1,4,45.242799999999995,74.5518,0,0,"Someone going out doesn't mean that they should automatically be available to do an extra task or errand for you. Also, if they have a requirement to use their car, that is their right, it is their car.  ",0,0,0,0
R_7TGBzNiBEEPROX9,666c103a595532849ff97431,,2026-08-18 17:32:52,2026-08-18 17:46:13,2026-08-18 17:46:15,801,100,True,I consent to participate,5,2,3,65.6554,74.10979999999999,0,0,"You were wrong to escalate the situation to try to make him jealous. The push he did was wrong and abusive, but you should not have tried to make him jealous as that did not help the situation",0,0,0,0
R_7UyshHgKa8KNpPb,699cc370297ac399dc12e868,,2026-08-18 17:32:09,2026-08-18 17:46:24,2026-08-18 17:46:26,855,100,True,I consent to participate,5,3,2,42.0228,66.13480000000001,0,0,"The first situation, where someone was asking if they were in the wrong for questioning why their spouse wants to go out late with their friend while their son is asleep. One of the responses said that the writer was in the wrong. They said that the writer's spouse wouldn't be neglecting their child because the child would be asleep during the time the spouse would be out with their friend. They also said the writer was acting jealous of their spouse for being able to spend time away.",0,0,0,0
R_57zCbxtloSwG0WB,6a1b3f64bc2f904580a54010,,2026-08-18 17:33:40,2026-08-18 17:46:27,2026-08-18 17:46:28,766,100,True,I consent to participate,5,3,2,62.98979999999999,54.60499999999998,0,0,"understandable, but the poutine situation was minor and it would be better to laugh it off and move on rather than get genuinely angry.",0,0,0,0
R_6IYamcc8DEWR4qM,5c747b0f181ad300113363ed,,2026-08-18 17:31:10,2026-08-18 17:46:28,2026-08-18 17:46:29,917,100,True,I consent to participate,5,4,1,53.474000000000004,46.6548,0,0,"In regards to a church member picking up the persons child, they were in the wrong because it was not just any stranger that was helping his wife out. It was a friend from church. ",0,0,0,0
R_1PB9iWG8vqdQ8s9,6681d290c7e44d04198ca9d9,,2026-08-18 17:31:13,2026-08-18 17:46:32,2026-08-18 17:46:33,919,100,True,I consent to participate,5,3,2,50.4738,101.35560000000001,0,0,Messing or Using your phone when in a movie theater can distract others.,0,0,0,0
R_11NtTLTufqkC7si,69ff53f3401c96094c4b05ab,,2026-08-18 17:33:12,2026-08-18 17:46:35,2026-08-18 17:46:36,802,100,True,I consent to participate,5,3,2,21.1214,24.2506,0,0,"In one case, the reply made it clear that it was normal to be irritated; however, the problem of poutine was quite insignificant, and it was better to just laugh about it and forget.",0,0,0,0
R_6nB4epC5uhofBJs,628817a3c518b074f426f27d,,2026-08-18 17:32:43,2026-08-18 17:46:47,2026-08-18 17:46:47,843,100,True,I consent to participate,5,3,2,67.6866,71.334,0,0,"You are in the wrong, you need to be flexible as he lost his full time job. As,king you to help is part of being in a relationship.",0,0,0,0
R_1DNS80yr4tMToem,5dcf4136cf8e7e086ea019e4,,2026-08-18 17:36:21,2026-08-18 17:46:48,2026-08-18 17:46:49,626,100,True,I consent to participate,5,3,2,42.9864,69.017,0,0,"If you ride a bicycle, you are responsible for obeying traffic laws like waiting at red lights just as you would in a car.",0,0,0,0
R_7RPrZZjNDbNuhP3,6a01521c28d64ac367f8fa55,,2026-08-18 17:32:35,2026-08-18 17:46:56,2026-08-18 17:46:57,861,100,True,I consent to participate,5,2,3,35.028400000000005,92.3664,0,0,A man through poop in someones trash can ant the owner had a problem with bot the commentators of the writing agreed the man was in the wrong. I don't get why someone would care if someone threw dog poop in their trash id rather have it thrown out then step in it. Its a trash can its supposed to smell how uptight or a freak do you have to be to care about that.,0,0,0,0
R_6S76uTeCmWlaUmJ,6609c596ac6ba651a47a15de,,2026-08-18 17:32:30,2026-08-18 17:47:26,2026-08-18 17:47:27,895,100,True,I consent to participate,5,4,1,108.8006,37.658,0,0,"It's your wife's body, she should eat whatever she wants",0,0,0,0
R_7SWxYGEE5AZPrdn,662938efd711c3639bd68aa3,,2026-08-18 17:33:17,2026-08-18 17:47:32,2026-08-18 17:47:32,854,100,True,I consent to participate,5,5,0,27.391,115.6742,0,0,"The response explained that there could be many reasons why a daughter, after years of Christmases alone with one parent, might be unhappy at having to spend the holiday with their ""new"" family, and strongly suggested that the person asking discuss the reasons for the objection rather than just forcing the issue. They also commented that there could be positive associations with spending the holiday with just the two of them, such as it being their special time together.",0,0,0,0
R_6hSIgZDSukVOEH9,629642bfde2bf56c1ec2a420,,2026-08-18 17:32:50,2026-08-18 17:47:35,2026-08-18 17:47:36,885,100,True,I consent to participate,5,3,2,75.698,71.9132,0,0,"Guy didn't like a girl because he felt like she was crazy and claimed she had made death threats, his girlfriend felt bad for her and decided to make friends with her even though he told her not to and he didn't like that. The response was that he was completely wrong, it was okay for him not to want to be around the girl, but he can't tell his girlfriend who she can or cannot be friends with.",0,0,0,0
R_6YufWyn87NUOw8a,69cb34cf358f92ba3ed042a5,,2026-08-18 17:33:36,2026-08-18 17:47:48,2026-08-18 17:47:49,851,100,True,I consent to participate,5,3,2,89.976,64.1788,0,0,"In the situation about the sister in law who had a termination and the family wanted the baby gifts back, one response said that once you give someone a gift its theirs to keep, so you cant demand it back or ask to be paid back for it later. You can ask nicely one time if she wants to return it but you cant treat it like she owes you.",0,0,0,0
R_1mjri2dDDISIBlT,662bf98a6f25e5ccdce46ebc,,2026-08-18 17:36:26,2026-08-18 17:47:59,2026-08-18 17:48:00,692,100,True,I consent to participate,5,3,2,51.147999999999996,62.9418,0,0,"When a girl referred to her sister's girlfriend as her girlfriend to their mother. It was wrong of her to say it, and should let her sister tell.",0,0,0,0
R_7rNGCVqyZhL9bwB,699f0296f1b569e778c83562,,2026-08-18 17:32:27,2026-08-18 17:48:03,2026-08-18 17:48:04,935,100,True,I consent to participate,5,3,2,37.375600000000006,140.5876,0,0,She just went through a breakup and an abortion,0,0,0,0
R_6gCrPwQotZgzNfR,60ff2c3d915d23318b73ae8d,,2026-08-18 17:36:05,2026-08-18 17:48:13,2026-08-18 17:48:14,727,100,True,I consent to participate,5,2,3,62.75480000000001,45.9454,0,0,The guy with the sick girlfriend is a great example of how a relationship should be. People should always be there for each other.,0,0,0,0
R_61tIPUzLWFw544p,62d43cee3d60ac98c1dcacc8,,2026-08-18 17:31:40,2026-08-18 17:48:44,2026-08-18 17:48:45,1024,100,True,I consent to participate,5,2,3,53.8192,96.74359999999999,0,0,You turned something that could have been an easy thing to fix into an overblown dilemma.,0,0,0,0
R_6qrSG1078CQYawj,6704210322d878316ffc5b43,,2026-08-18 17:31:03,2026-08-18 17:48:45,2026-08-18 17:48:46,1062,100,True,I consent to participate,5,3,2,165.3452,31.6424,0,0,A married man wants his wife to do more in the household because he makes 4 times the amount she makes. ,0,0,0,0
R_1oMbENAnjF4OWlb,6a0b57dda1f2bbc0f2c1398b,,2026-08-18 17:32:32,2026-08-18 17:48:45,2026-08-18 17:48:46,972,100,True,I consent to participate,5,1,4,61.33200000000001,107.18539999999999,0,0,Being excited doesn’t excuse being rude; a sincere apology would have been the better response.,0,0,0,0
R_6nT9IkxB8RL53qr,6a1ca02ac78ffa471ee4bd41,,2026-08-18 17:31:12,2026-08-18 17:48:50,2026-08-18 17:48:50,1057,100,True,I consent to participate,5,2,3,87.0942,102.72760000000001,0,0,That they need to tech there kid boundaries and to tell there kid no.,0,0,0,0
R_1NOQD2tOrb2Y208,675d9cf5d9b26c34bbac262b,,2026-08-18 17:32:05,2026-08-18 17:48:53,2026-08-18 17:48:54,1007,100,True,I consent to participate,5,2,3,86.5968,47.9802,0,0,Rules are rules ,0,0,0,0
R_7Qz0N5gRSMDPvq1,664538d42f1f1e3371e3e3db,,2026-08-18 17:32:22,2026-08-18 17:48:53,2026-08-18 17:48:54,990,100,True,I consent to participate,5,2,3,71.2984,104.7998,0,0,"Autopilot happens, fast food workers are used to saying...hot or cold, it was a slip or a lapse, you could have just said, I would like it cold.",0,0,0,0
R_7LZraaV7uPXUu9T,69fd13a110256a9116754b20,,2026-08-18 17:38:16,2026-08-18 17:48:55,2026-08-18 17:48:56,639,100,True,I consent to participate,5,3,2,45.754200000000004,61.30719999999999,0,0,You are wrong. You shouldn't treat your step-daughter and biological daughter differently. ,0,0,0,0
R_7RwOFHPqsxDug8h,697cce3dbfe2e9b4d591e05c,,2026-08-18 17:31:53,2026-08-18 17:49:13,2026-08-18 17:49:14,1040,100,True,I consent to participate,5,2,3,60.7302,129.41660000000002,0,0,You are wrong because you are just being jealous of your wife. It's probably the best time for the kids and them overall.,0,0,0,0
R_7oQN0f58Vs51HJT,6a225327b64e4d35b73c3587,,2026-08-18 17:33:09,2026-08-18 17:49:23,2026-08-18 17:49:23,973,100,True,I consent to participate,5,2,3,60.074799999999996,106.61519999999999,0,0,"Wrong about not apologizing to the person just because they said ""Jesus"" and were mad when you bumped into them when you intended to apologize at first..",0,0,0,0
R_5qvDmXf6fDeDVBk,69a2ac2f833d281d44add8ee,,2026-08-18 17:31:19,2026-08-18 17:49:43,2026-08-18 17:49:44,1104,100,True,I consent to participate,5,2,3,52.419399999999996,129.3998,0,0,"For the group project situation, I think Response B argued that since it was a shared project, giving up isn't really the writer's call to make alone since the other members will suffer with doing double the work or failing. ",0,0,0,0
R_1GTZCmVhZjHl7Ww,652be55d3d99a68b56fe7d56,,2026-08-18 17:32:06,2026-08-18 17:49:54,2026-08-18 17:49:55,1067,100,True,I consent to participate,5,2,3,77.19,114.92959999999998,0,0,A boyfriend was using his girlfriend's towel to wipe his feet. In the response it was suggested he apologize to his girlfriend for using the towel and to get his own. ,0,0,0,0
R_1wmIKGhFNxjxppP,668c85c9f955972065292902,,2026-08-18 17:33:39,2026-08-18 17:50:30,2026-08-18 17:50:31,1010,100,True,I consent to participate,5,1,4,65.223,96.2302,0,0,Mostly everyone was in the wrong in someway and the last one was just a petty girlfriend complaining.,0,0,0,0
R_6JlMyB5Vwal3oZq,5f4a4da1575d605c43bef871,,2026-08-18 17:40:24,2026-08-18 17:50:48,2026-08-18 17:50:48,623,100,True,I consent to participate,5,2,3,60.698800000000006,43.8882,0,0,A girl ate all the poutine.,0,0,0,0
R_7aSiSc2MT0Olq49,6a0363938b7bd5b858ac218d,,2026-08-18 17:32:18,2026-08-18 17:51:04,2026-08-18 17:51:05,1125,100,True,I consent to participate,5,3,2,75.0866,109.4864,0,0,"In the airport situation, the response said the parent should have apologized and replaced the drink because their toddler accidentally knocked it over.",0,0,0,0
R_6lfZNbZizOZzjJT,6a22125d831a7b96b3ebd029,,2026-08-18 17:31:36,2026-08-18 17:51:20,2026-08-18 17:51:20,1183,100,True,I consent to participate,5,4,1,80.4,117.72760000000001,0,0,"The response about the husband being wrong about telling his wife she can't go to law school basically just said that he shouldn't tell her know, or squash her dreams before she's even had a chance to pursue it. Also, telling her she should have chosen a less time consuming career is hypocritical if he wasn't willing to do the same.",0,0,0,0
R_3NemYRwcGshdlYt,698c1e0136e0c3b82a9c9a59,,2026-08-18 17:33:49,2026-08-18 17:51:42,2026-08-18 17:51:43,1073,100,True,I consent to participate,5,3,2,131.85,59.70739999999999,0,0,A worker was intentional on giving a 2 year old child extra ice cream. ,0,0,0,0
R_3hrz5r34108EWtV,66a2812744e8026f80ef0879,,2026-08-18 17:32:40,2026-08-18 17:51:48,2026-08-18 17:51:49,1147,100,True,I consent to participate,5,2,3,76.54079999999999,117.5862,0,0,"The last one was about a father that was frustrated with his teenage son. He was asking if he was in the wrong for taking the door to the boy's room off its hinges. The bots responded by telling him that his son had clear signs of depression and that he wasn't helping. One response was a bit harsher, the other was more standard with recommendations for seeking mental health help.",0,0,0,0
R_5DJaYNijsssSvCW,69c2b0df8ac854dfa39d93ce,,2026-08-18 17:33:27,2026-08-18 17:52:34,2026-08-18 17:52:35,1146,100,True,I consent to participate,5,2,3,111.918,97.1964,0,0,And good making your kids think that they don't have to follow the rules at Costco,0,0,0,0
R_510F6FshPrQEOb3,65dfbf73ec3a047b5653add8,,2026-08-18 17:44:36,2026-08-18 17:52:35,2026-08-18 17:52:36,479,100,True,I consent to participate,5,3,2,35.4026,41.145,0,0,The writer wanted her brother to stay in a hotel if he and his boyfriend were going to be affectionate while staying with them.  Both responders said that the writer was in the wrong because they wouldn't make the same request if it was a man and a woman.,0,0,0,0
R_1H6TKJ6XuZjqMtr,6726eb8bd8a35b7366b1790a,,2026-08-18 17:33:55,2026-08-18 17:52:50,2026-08-18 17:52:51,1134,100,True,I consent to participate,5,3,2,114.29480000000001,92.10979999999999,0,0,"A guy wanted borrow his moms car but got mad when she wouldn't stop for gas, even know he would pay for it.",0,0,0,0
R_1iLog5zySo8vrvJ,69e23226cd951fe23f553840,,2026-08-18 17:31:49,2026-08-18 17:53:13,2026-08-18 17:53:14,1283,100,True,I consent to participate,5,2,3,159.1882,79.9446,0,0,"The teenage boy trolling his sisters during a Roblox game. One of responders said he was a jerk, but not totally wrong ",0,0,0,0
R_7hy8UuGW2U49nE2,6a100162e64cdf656bc0fc97,,2026-08-18 17:34:05,2026-08-18 17:55:27,2026-08-18 17:55:28,1281,100,True,I consent to participate,5,3,2,84.89880000000001,88.5396,0,0,when the guy asked am I in the wrong for asking my wife to do some of the housework when he makes 4x as much as her. The right answer is  to discuss it and come to an agreement that works for both. ,0,0,0,0
R_5EpxzeMHGWVDSzT,56333f762840d2000a22e4a3,,2026-08-18 17:32:51,2026-08-18 17:55:50,2026-08-18 17:55:51,1378,100,True,I consent to participate,5,4,1,83.8326,174.0864,0,0,Thinking you're unique because you're left-handed is sad.,0,0,0,0
R_7PH6ggcD3KWmRcg,69e1199b8f7afa332ba699d8,,2026-08-18 17:42:46,2026-08-18 17:57:35,2026-08-18 17:57:36,888,100,True,I consent to participate,5,2,3,47.3842,70.6606,0,0,"Person with toddler was called by lady that her toddler spilled her 5 dollars worth coffee by calling her like Excuse me . Person beleive that was rude and shrugged and walk away her partner point it out that they did wrong , responses said you are wrong because you didn't set agood example for your child.",0,0,0,0
R_6lWWDCweiJYylmR,66632c96e56c2cc87923bf78,,2026-08-18 17:42:14,2026-08-18 17:58:08,2026-08-18 17:58:09,954,100,True,I consent to participate,5,3,2,75.34299999999999,91.4734,0,0,Expecting someone to immediately get over a half a decades long relationship is kinda douchey,0,0,0,0
R_6nC79ZUqeszo93E,64707fd9bca46372e3a80468,,2026-08-18 17:47:57,2026-08-18 17:58:17,2026-08-18 17:58:17,619,100,True,I consent to participate,5,1,4,65.268,32.648399999999995,0,0,they told the girl she was in the wrong when debating with someone she is not in the wrong its called freedom of speech this is my opinion they both had an issue with it because it was rude society has become too soft!,0,0,0,0
R_1tnJvPqXBhoPITn,6643f7f17540ee80f2d5cf24,,2026-08-18 17:46:29,2026-08-18 17:58:52,2026-08-18 17:58:53,743,100,True,I consent to participate,5,4,1,54.03099999999999,48.459,0,0,The one situation where the parent sent their child to an intense summer school just because they saw a path they didnt like for their child. The responses were kind of along the lines of telling the parent that the child is exceeding in school so why not let them do the things they love. They will ultimatly make the best dicesion for themselves im sure. ,0,0,0,0
R_60VFbkTOqt9w7ia,699f22adac0dbadbe27b9ed4,,2026-08-18 17:54:30,2026-08-18 17:59:40,2026-08-18 17:59:41,309,100,True,I consent to participate,5,2,3,18.763399999999997,28.3498,0,0,I wont let my GF study with me but thats not good BC i'm not acknowledging her needs...putting mine before hers ,0,0,0,0
R_7QlOhnl8a4Cg48G,6650a07f83dde5b6da54d674,,2026-08-18 17:40:09,2026-08-18 18:00:00,2026-08-18 18:00:01,1190,100,True,I consent to participate,5,3,2,78.4974,40.074400000000004,0,0,Am i wrong for wanting to transfer one of my coworkers?,0,0,0,0
R_3gvzkJxiasmz6yI,6a20c44b3a3be9f4271365c6,,2026-08-18 17:34:13,2026-08-18 18:00:50,2026-08-18 18:00:52,1596,100,True,I consent to participate,5,1,4,206.45279999999997,52.3446,0,0,"You're in the wrong (this is hilarious, not high stakes)",0,0,0,0
R_5dG37fxrHgitWIj,60fdc73e9fc2f113dc1ff96d,,2026-08-18 17:52:28,2026-08-18 18:01:02,2026-08-18 18:01:03,513,100,True,I consent to participate,5,3,2,37.327999999999996,42.8232,0,0,"this guy plays games with his friends every week. his sister wants to join but she wants to be a girl character. he says all of the characters are men, its part of the lore. he tells her she cant play a girl character. the responses said he is in the wrong becasue his thought process is ridiculous and he isnt listening to her.",0,0,0,0
R_3eEON8JJUDGy8vE,6a0222b8abcf0736ac172f40,,2026-08-18 17:46:49,2026-08-18 18:02:30,2026-08-18 18:02:31,941,100,True,I consent to participate,5,3,2,86.3112,71.91319999999999,0,0,Don't police your wife's food choices!,0,0,0,0
R_1QX0krPUXl3dqo3,6a1b7d4982412fe5063e8213,,2026-08-18 17:53:39,2026-08-18 18:03:29,2026-08-18 18:03:30,589,100,True,I consent to participate,5,1,4,50.225199999999994,42.446,0,0,What makes you think that sister's boyfriend is a loser just because he's 27 and still attending college,0,0,0,0
R_1pEHLFsHr2jcZSh,608981c1be83df6a5452398e,,2026-08-18 17:59:57,2026-08-18 18:04:11,2026-08-18 18:04:12,253,100,True,I consent to participate,5,2,3,30.0494,12.2436,0,0,They guy ran a red light on his bike and the guy on the ebike was mad. ,1,0,0,1
R_6fj8kfJpZ0kYhy7,69c9d43385cd68be3d1cbb5a,,2026-08-18 17:55:01,2026-08-18 18:04:53,2026-08-18 18:04:53,591,100,True,I consent to participate,5,3,2,34.658,50.0702,0,0,"You're in the wrong, just because you don't like your sister's voice doesn't mean you can criticize it. ",0,0,0,0
R_7bTYGZjg6GtnLES,592bb32c943e670001cde123,,2026-08-18 17:40:00,2026-08-18 18:05:28,2026-08-18 18:05:29,1528,100,True,I consent to participate,5,2,3,239.75359999999995,39.120400000000004,0,0,"You were wrong for trying make your boyfriend jealous on purpose, however the more concerning issue is that your boyfriend got mad and shoved you because of this.",0,0,0,0
R_39tVPtl5KE4o6Ok,5d7fd2a5987f70001602d95b,,2026-08-18 17:53:46,2026-08-18 18:05:35,2026-08-18 18:05:36,709,100,True,I consent to participate,5,4,1,81.292,35.9844,0,0,Am I wrong for sending an unsolicted photo of my private part even though I didn't realize it was unsolicted! ,0,0,0,0
R_1NEBlVr4oqHTbGb,69e543f231f1883b1a062e18,,2026-08-18 17:52:17,2026-08-18 18:06:03,2026-08-18 18:06:04,825,100,True,I consent to participate,5,2,3,55.34000000000001,80.3038,0,0,You're in the wrong. It sounds like you tried to gain insight on the disability for the role but went overboard in accepting help from strangers.,0,0,0,0
R_1gsbnb3j78te0kF,6a1dc49feeb50e5bafde818d,,2026-08-18 17:55:44,2026-08-18 18:07:59,2026-08-18 18:08:00,734,100,True,I consent to participate,5,2,3,54.33,77.20340000000002,0,0,"Someone ran past a child and knocked him over during a fire alarm, the response said it was wrong to so because the child could be injured.",0,0,0,0
R_11BApWHykDMJD7d,6a416e3a5137f86b61cdf7af,,2026-08-18 17:57:32,2026-08-18 18:09:16,2026-08-18 18:09:17,704,100,True,I consent to participate,5,4,1,24.4806,19.429399999999998,0,0,It is reasonable to raise concern about a coworker job performance but assuming someone is incapable because of disability and suggesting they should be fired is unfair.,0,0,0,0
R_1Eh79thr8FzFrf7,6944211fb86d1cfb660ff63f,,2026-08-18 17:55:54,2026-08-18 18:09:58,2026-08-18 18:09:59,844,100,True,I consent to participate,5,0,5,55.8058,69.6314,0,0,"You're in the wrong here. Your family wasn't being pedantic since the answer was ""water ice"" not ""water"" and raging over a board game is not fun at family game night.",0,0,0,0
R_1kOjrRICdDo41Qq,66ccdd9f6b12c6ea6fa01f42,,2026-08-18 18:00:08,2026-08-18 18:11:36,2026-08-18 18:11:37,687,100,True,I consent to participate,5,5,0,98.4828,12.3236,1,0,One was about a reserved parking spots deserving respect despite the driver thinking its not needed,0,1,0,0
R_3fjtn2orL449QU3,66d244fa84c5fbc46842a4bb,,2026-08-18 17:56:01,2026-08-18 18:11:37,2026-08-18 18:11:38,936,100,True,I consent to participate,5,3,2,64.159,99.72619999999999,0,0,A boy did not want to share his minecraft server with an annoying kid. He used the annoying kid's hotspot with the false agreement that he would let the kid into his server. ,0,0,0,0
R_6d2X3AxahMbdbot,55b1add5fdf99b6731f04c5a,,2026-08-18 18:02:38,2026-08-18 18:12:55,2026-08-18 18:12:56,616,100,True,I consent to participate,5,1,4,32.9314,46.489999999999995,0,0,The person should have attended the Hanukkah celebration,0,0,0,0
R_79gp869CIjuOPBL,6a061e52c9057903c3f33675,,2026-08-18 17:51:08,2026-08-18 18:14:05,2026-08-18 18:14:06,1377,100,True,I consent to participate,5,2,3,86.5564,159.3526,0,0,"You are in the wrong, and I think you know that or you wouldn't be asking this here.",0,0,0,0
R_6cU4y4m5J8S8Ah0,6a1ee713514761d7fde2584a,,2026-08-18 18:05:11,2026-08-18 18:15:22,2026-08-18 18:15:23,611,100,True,I consent to participate,5,0,5,34.447,60.4982,0,0,the girl refused to tip and wrote a nasty note to the server because she thought she was being overly flirty with her boyfriend even though HE didnt agree he was being flirted with.,0,0,0,0
R_6DNVkHkLnotf9Ci,6a1fa1458cdf47b0d797dcaf,,2026-08-18 17:55:38,2026-08-18 18:15:57,2026-08-18 18:15:58,1218,100,True,I consent to participate,5,4,1,105.1414,106.874,0,0,A guy wouldn't date a female from his hometown at all,0,0,0,0
R_1cuvOJL6GRkEaTj,69b872dabebf683920a7493d,,2026-08-18 17:52:28,2026-08-18 18:18:14,2026-08-18 18:18:15,1545,100,True,I consent to participate,5,2,3,119.1964,150.1384,0,0,"Rewarding the hardworker in the restaurant while the other perceived lazy one were working, Just out of Sight. ",0,0,0,0
R_3VqJ3H4FbbPeTtv,6a0c93436c009b0e6c8a3fda,,2026-08-18 17:54:39,2026-08-18 18:18:19,2026-08-18 18:18:20,1419,100,True,I consent to participate,5,4,1,106.98700000000001,119.33840000000001,0,0,Good reasoning,0,0,0,0
R_6aNoFwYruaMLCrT,66199b3cd796398a2ba74e05,,2026-08-18 18:09:31,2026-08-18 18:19:38,2026-08-18 18:19:39,606,100,True,I consent to participate,5,3,2,58.67660000000001,9.255199999999999,0,2,It was saying the person knew they were in the wrong by calling them retards but they continued to say it anyway,0,1,0,0
R_73yhlXAfinDlceB,695fca717c8aa5a1121a072b,,2026-08-18 18:10:15,2026-08-18 18:20:49,2026-08-18 18:20:50,633,100,True,I consent to participate,5,1,4,60.21079999999999,43.974199999999996,0,0,"In a normal situation you would be justified however due to the circumstances of your girlfriend's power being out, you are in the wrong. ",0,0,0,0
R_1hTsDER9niDDRoC,699dc84a2d11245777948aec,,2026-08-18 18:08:18,2026-08-18 18:22:55,2026-08-18 18:22:56,876,100,True,I consent to participate,5,2,3,105.73000000000002,58.081399999999995,0,0,"""My friend vomits to drink more beer.""",0,0,0,0
R_1jw6hO4JUgq9O9I,5b646a727c39ee00010a18b0,,2026-08-18 18:13:23,2026-08-18 18:23:50,2026-08-18 18:23:51,626,100,True,I consent to participate,5,3,2,60.906000000000006,50.977,0,0,Don't just answer with a simple yeah,0,0,0,0
R_310U82GIgBnZqB6,69f914fa7e3892745f6d89ce,,2026-08-18 18:19:33,2026-08-18 18:27:45,2026-08-18 18:27:46,492,100,True,I consent to participate,5,3,2,31.870799999999996,29.750799999999998,0,0,Your wife meeting her friend late may minimize disruption because the children are likely asleep and not being neglected.,0,0,0,0
R_52AdGdNYuFzXtgU,6998f4bcb8ec1f18dc2863ca,,2026-08-18 18:13:43,2026-08-18 18:27:54,2026-08-18 18:27:55,851,100,True,I consent to participate,5,2,3,68.95439999999999,81.6484,0,0,You already knew telling her to be calm and breath was wrong.,0,0,0,0
R_3taijmkFGOdsJFr,676213c42b2ea1a4506bdf1c,,2026-08-18 18:16:27,2026-08-18 18:29:17,2026-08-18 18:29:18,769,100,True,I consent to participate,5,3,2,62.222599999999986,52.50940000000001,0,0,I was a little upset with my girlfriend because she ate the poutine and left it cold before we got home.,0,0,0,0
R_6PZ9t3pseXNOpUs,6a02389b155b72bd36e2f22d,,2026-08-18 18:22:28,2026-08-18 18:33:59,2026-08-18 18:34:00,690,100,True,I consent to participate,5,2,3,45.47619999999999,78.4974,0,0,"""You will be seen as likely just looking for an excuse to wear a swastika regardless of offering up an explanation afterwards""",0,0,0,0
R_3d6QRyBY0DvpKrl,5fa98fd42438bf189c4b3b65,,2026-08-18 18:27:39,2026-08-18 18:34:39,2026-08-18 18:34:40,419,100,True,I consent to participate,5,4,1,59.998400000000004,10.0932,0,0,wiping his foot on his girlfriend's face towel ,0,0,0,0
R_1EolHzZS1r4ZDwI,698166518ccd103588cb679d,,2026-08-18 18:19:56,2026-08-18 18:36:12,2026-08-18 18:36:13,976,100,True,I consent to participate,5,3,2,73.65,96.12840000000001,0,0,one situation was about a husband pressuring his wife into having a surgery so she might be able to get high risk pregnant. What an ass.,0,0,0,0
R_1xaoizlhtyTIU0N,6a1f2b9c05be0d1c4cb23638,,2026-08-18 18:29:35,2026-08-18 18:36:35,2026-08-18 18:36:36,419,100,True,I consent to participate,5,2,3,36.5116,35.411,0,0,Allow the kid to have fun and hang out with his friends during the summer break to play video games.,0,0,0,0
R_7zhGzPt9vmz4fXS,694db1a730b4deb886d015c9,,2026-08-18 18:19:30,2026-08-18 18:36:57,2026-08-18 18:36:58,1047,100,True,I consent to participate,5,1,4,121.53119999999998,53.339200000000005,0,0,Some guy laughed at someone wearing white crocs and the police are searching for this missing person. The AI said he was in the wrong because he shouldn't laugh at a sensitive topic or a tragic moment. ,0,0,0,0
R_72OOl3OqoXsgEy4,697bcc570772cb51c22e5421,,2026-08-18 18:30:07,2026-08-18 18:38:31,2026-08-18 18:38:32,503,100,True,I consent to participate,5,4,1,16.327199999999998,71.0842,0,0,,0,0,0,0
R_1QX0j3IvPX2E40G,69c602ef59cc459201d6e8a3,,2026-08-18 18:14:15,2026-08-18 18:38:42,2026-08-18 18:38:43,1467,100,True,I consent to participate,5,3,2,98.2606,148.3074,0,0,a man wanting people to take a quiz before entering his dorm room to watch a show on his tv. He is in the wrong because it made the party demeaning to others that enter his dorm. ,0,0,0,0
R_12QeQEsYMrjZAUj,5caf7f17a85c43001737b4b3,,2026-08-18 18:33:33,2026-08-18 18:40:20,2026-08-18 18:40:21,406,100,True,I consent to participate,5,3,2,41.4206,32.2272,0,0,Yes you were wrong,0,0,0,0
R_3rePCimCCRxGkRI,69e7ded4f1a24a777d92e59a,,2026-08-18 18:34:14,2026-08-18 18:45:20,2026-08-18 18:45:21,666,100,True,I consent to participate,5,1,4,53.6212,57.8472,0,0,One of the responses stated that it was wrong to not replace the $5 drink that their toddler spilled. It argued that an airport is a stressful place and although the woman was short she did not say anything rude. ,0,0,0,0
R_5bHt1hgOtDIUFou,69ca94738aec0403d434642f,,2026-08-18 18:29:28,2026-08-18 18:45:30,2026-08-18 18:45:30,961,100,True,I consent to participate,5,5,0,30.4238,118.33219999999999,0,0,Blending families can be very difficult so parents should listen to their children feelings an avoid forcing them into uncomfortable situations.,0,0,0,0
R_111z2sF6zwXLGLx,6a0f814ed4daae7d5e8c9514,,2026-08-18 18:32:35,2026-08-18 18:49:06,2026-08-18 18:49:07,990,100,True,I consent to participate,5,3,2,110.18819999999998,66.312,0,0,"You shouldn't judge the man based on him being gay, that is wrong.",0,0,0,0
R_12MapJ3E2FRc9O7,5bc9f8b677740000016a08b5,,2026-08-18 18:36:19,2026-08-18 18:49:11,2026-08-18 18:49:12,772,100,True,I consent to participate,5,2,3,38.551,78.9526,0,0,Paying bills does not exempt you from doing household chores.,0,0,0,0
R_3cvGIfUAV4NCfpw,663554ada85eb670f3c6262c,,2026-08-18 18:40:14,2026-08-18 18:49:29,2026-08-18 18:49:30,555,100,True,I consent to participate,5,0,5,57.851200000000006,37.9048,0,0,playing a flirting game is not ok and you are in the wrong for doing that to your boyfriend.,0,0,0,0
R_3xyDEEdqrdjBXlP,663ae889171bf788736a93d6,,2026-08-18 18:39:56,2026-08-18 18:49:44,2026-08-18 18:49:45,587,100,True,I consent to participate,5,1,4,45.0476,58.483799999999995,0,0,It was not him changing the arrangement out of spite.,0,0,0,0
R_6arUzN8SkM8p7Qa,6a15a7350b637a73954ea47f,,2026-08-18 18:38:17,2026-08-18 18:53:33,2026-08-18 18:53:34,916,100,True,I consent to participate,5,3,2,51.55,102.8336,0,0,One of the responses was stating that the father was in the wrong for not apologizing to the other parent and child when his child grabbed a necklace off of a kid's neck. It was polite but firm that the father should have used that opportunity to teach good manners to his child.,0,0,0,0
R_7eZSDBvwHlu2VfH,664287debe4750708ea0ecf7,,2026-08-18 18:40:39,2026-08-18 18:54:43,2026-08-18 18:54:44,844,100,True,I consent to participate,5,2,3,37.452799999999996,102.01520000000001,0,0,Why do people stop responding to me when I list an item for $350 and they offer me $100? I ask them when can they come and they stop responding to me. ,0,0,0,0
R_1tolp0aiJLEAt8E,69694a17e34d205d4484f00a,,2026-08-18 18:50:45,2026-08-18 18:54:52,2026-08-18 18:54:53,247,100,True,I consent to participate,5,1,4,16.798199999999998,14.708000000000002,0,0,"being in the wrong for wiping his feet on his gf's face towel is a pretty crazy thing, feet carry all sorts of bacteria since they touch the ground and most things in general, and wiping that on a towel someone uses for their face is not only a big health hazard but its just gross, being someones partner doesnt make it cool",1,0,0,1
R_6e58HYK3EOy7B6k,60fcc7bc1cb27f1770cc7ad9,,2026-08-18 18:50:14,2026-08-18 19:00:39,2026-08-18 19:00:40,624,100,True,I consent to participate,5,3,2,53.44699999999999,57.565,0,0,"You're in the wrong for pressuring your wife to get the surgery for pregnancy, she does not owe you her life and the surgery comes at a cost to her health as well as any babies she might have. ",0,0,0,0
R_7oWt3ac4mQ8InK1,69ffe090a4144d75ae528982,,2026-08-18 18:51:54,2026-08-18 19:01:35,2026-08-18 19:01:36,581,100,True,I consent to participate,5,2,3,51.4148,52.3318,0,0,poll does not = pole ,0,0,0,0
R_3amLTdax4inQJAr,6a1852511b3e320f7f658165,,2026-08-18 18:52:36,2026-08-18 19:01:42,2026-08-18 19:01:43,546,100,True,I consent to participate,5,4,1,32.3742,64.83279999999999,0,0,One response said that mentioning the prices of birthday gifts is not necessarily rude and can just be a way of giving more context,0,0,0,0
R_7oGGHOklCSx7oSY,69f7e13a1b7a2d8e497b393e,,2026-08-18 18:52:05,2026-08-18 19:04:14,2026-08-18 19:04:15,728,100,True,I consent to participate,5,3,2,75.559,58.578199999999995,0,0,a guy took pics of a house and the neighbor thought it was weird,0,0,0,0
R_6QPOS18D9DK5GQO,69d955b9ed2ae45b2f4f212f,,2026-08-18 19:00:47,2026-08-18 19:10:43,2026-08-18 19:10:44,595,100,True,I consent to participate,5,3,2,58.68820000000001,48.1768,0,0,im sorry for my outburst but using your left,0,0,0,0
R_6Q3mtYNGHO8cdYX,6a08b31ecfe31c6f8900ad5d,,2026-08-18 19:04:58,2026-08-18 19:16:48,2026-08-18 19:16:49,710,100,True,I consent to participate,5,0,5,68.1234,33.178399999999996,0,0,"You are in the wrong because typing out that joke during an active search was totally tone-deaf, you should have read the room.",0,0,0,0
R_7St6k4CoMG5UXL3,5758a211cb13810006479a0d,,2026-08-18 19:02:10,2026-08-18 19:21:17,2026-08-18 19:21:17,1146,100,True,I consent to participate,5,5,0,170.0656,42.0068,0,0,"you're in the wrong. you should be a paralegal, diminish your dreams, so you can take care of your 2 year old. let her go to undergraduate and take it from there. don't shortchange her goals and dreams.",0,0,0,0
R_36dr6cSQgnPL5UB,69e2b2d707a51a46285ebc85,,2026-08-18 19:17:07,2026-08-18 19:22:02,2026-08-18 19:22:03,294,100,True,I consent to participate,5,2,3,26.929000000000002,20.0674,0,0,"""You're in the wrong, because in this case, it is an emergency; your girlfriend had a power outage and has no access to wifi at her place"".",1,0,0,0
R_6PYVeqqxOYxekfy,6a0cbcd560a932526e45bba8,,2026-08-18 19:15:30,2026-08-18 19:25:40,2026-08-18 19:25:41,609,100,True,I consent to participate,5,4,1,45.326,28.854599999999998,0,0,The one that intrigued me the most was the sister who got up at the wedding and harped on the husband and made the bride upset because it wasn't all about you. One of the comments was about how the sister highly praised her new husband and she should be proud that she married such a good man.,0,0,0,0
R_3oc2STvjtI0uDvN,616f727b03e888e0f8213eec,,2026-08-18 19:20:21,2026-08-18 19:34:24,2026-08-18 19:34:25,843,100,True,I consent to participate,5,1,4,90.5568,45.745400000000004,0,0,"Which of the two options, A or B, would you ask for advice?",0,0,0,0
R_5Bm4KqpKej3ynsZ,672e86a538b9e142805a426e,,2026-08-18 19:39:56,2026-08-18 19:49:08,2026-08-18 19:49:10,552,100,True,I consent to participate,5,3,2,30.026600000000002,57.5,0,0,I get why 'she's going out anyways' felt like it should settle things for you - but I don't think it works quite that way from her side.,0,0,0,0
R_5dSByf7LmbdiEtW,6a184c49c1dd6cdc1113e76d,,2026-08-18 19:45:35,2026-08-18 19:50:36,2026-08-18 19:50:37,301,100,True,I consent to participate,5,4,1,18.0154,30.955800000000004,0,0,"There was a father who had a son acting depressed and getting drunk, the response suggested that the son is depressed and needs help rather than punishment.",0,0,0,0
R_1hThu1gGsTg1hYm,6a231bd58fe5acee94ad1465,,2026-08-18 19:45:42,2026-08-18 19:50:55,2026-08-18 19:50:56,312,100,True,I consent to participate,5,2,3,24.213,28.246000000000002,0,0,The guy who parks in pregnant spots was told to stop being an edgy d***,0,0,0,0
R_3tEHwz1QcEHH0MP,69ee13d337c8dfac9a734ecd,,2026-08-18 19:36:19,2026-08-18 19:51:42,2026-08-18 19:51:43,923,100,True,I consent to participate,5,1,4,130.0328,31.844600000000003,0,0,Your son spends most of the school time busting his ass to get grades. The summer is meant for him to take time away for that and do what he enjoys,0,0,0,0
R_7ZKR169FjWH0mhT,6548f960db60a00d76e92695,,2026-08-18 19:41:38,2026-08-18 19:53:06,2026-08-18 19:53:07,687,100,True,I consent to participate,5,3,2,34.7716,77.12320000000001,0,0,marriage is all about compromise and your kid will remember how you didn't celebrate Hannukah and think you didn't approve of their mother's beliefs,0,0,0,0
R_5ScO8tl0ePtC3is,6a04b9fc982fdf81702d5caf,,2026-08-18 19:45:46,2026-08-18 19:53:11,2026-08-18 19:53:12,445,100,True,I consent to participate,5,4,1,39.980399999999996,24.912,0,0,The response about the stranger picking up the kids where they talked about alpha male dominance was uncalled for.,0,0,0,0
R_5dHfpFOpDVZn36N,6a0b5e7c4c26795ac20ce5a4,,2026-08-18 19:45:47,2026-08-18 19:53:33,2026-08-18 19:53:34,466,100,True,I consent to participate,5,2,3,30.8976,51.096199999999996,0,0,You're slightly in the wrong.,0,0,0,0
R_68S2PLkNDeIYGLT,6960975aa8d0c3b9cde1e745,,2026-08-18 19:46:07,2026-08-18 19:53:34,2026-08-18 19:53:35,447,100,True,I consent to participate,5,3,2,23.3054,42.041599999999995,0,0,throwing away someones property without asking ends up overriding their personal choice,0,0,0,0
R_7PlzLx9VRYGC3N7,699c7170cd37097e6de91033,,2026-08-18 19:46:09,2026-08-18 19:53:35,2026-08-18 19:53:35,445,100,True,I consent to participate,5,4,1,37.4256,29.285400000000003,2,2,You were wrong for treating someone’s public humiliation like a tourist attraction.,0,1,0,0
R_1uXVhT67yHkDLGh,692077ee5033fce22cba1724,,2026-08-18 19:45:39,2026-08-18 19:53:43,2026-08-18 19:53:43,483,100,True,I consent to participate,5,4,1,33.346999999999994,48.382999999999996,0,0,"The responder stated that the power of the original poster's temporary position was going to his head, that his coworkers don't see the referenced individual's autism as an issue, and that taking a customer directly to an item is just good customer service.",0,0,0,0
R_5KDrZ8UALOBqGnz,62a89318448a8592fc88ee03,,2026-08-18 19:48:40,2026-08-18 19:54:37,2026-08-18 19:54:38,356,100,True,I consent to participate,5,2,3,29.2252,26.205199999999998,0,0,"You're in the wrong as working with the left hand can be challenging and using the ""r"" word is rude and unnecessary",0,0,0,0
R_1mQ0VQ6GMVYsAfV,655f8b8f7ee2491a2184b5cc,,2026-08-18 19:46:47,2026-08-18 19:55:11,2026-08-18 19:55:12,504,100,True,I consent to participate,5,3,2,41.4282,34.3094,0,0,"One of the situations was about a sister using a ""fake voice."" One of the responses mentioned Marilyn Monroe. ",0,0,0,0
R_6RswnUsgfR6JRvF,69600eb2dfd0bc91f66b2d9b,,2026-08-18 19:45:34,2026-08-18 19:55:11,2026-08-18 19:55:12,576,100,True,I consent to participate,5,2,3,49.0028,39.8058,0,0,"It is okay to not be friends with everyone, just be honest, don't manipulate the situation to avoid honesty",0,0,0,0
R_67KDoomUbWqSUXu,6a04e2a3538404f177aaf602,,2026-08-18 19:45:52,2026-08-18 19:55:38,2026-08-18 19:55:39,585,100,True,I consent to participate,5,1,4,45.78920000000001,53.576800000000006,0,0,"""Poll"" does not mean ""pole,"" so you're in the wrong for sending an unsolicited dick pic.",0,0,0,0
R_7Nb44dyZMiR8uEv,6991e490a2e501904e7ae08e,,2026-08-18 19:46:05,2026-08-18 19:56:20,2026-08-18 19:56:21,614,100,True,I consent to participate,5,3,2,51.56879999999999,56.0318,0,0,a person got to much change and did not pay for gas.,0,0,0,0
R_7Nsi6f2T84mHBdf,69d34db63e712a95a041d3f7,,2026-08-18 19:46:08,2026-08-18 19:58:14,2026-08-18 19:58:15,726,100,True,I consent to participate,5,3,2,73.53059999999999,49.759,0,0,Response suggested that the person should leave their ex bf alone and that they were pushing boundaries.,0,0,0,0
R_5nlwijuSPceguqG,664a3f0ae0d5a65f9f185638,,2026-08-18 19:45:27,2026-08-18 19:59:00,2026-08-18 19:59:01,812,100,True,I consent to participate,5,0,5,62.022800000000004,62.31699999999999,0,0,"Although you are close to your old coworkers and don't want to see an implosion occur, ultimately these are adults who have not been proven to break any professional standards. Reach out personally",0,0,0,0
R_11B0ljlxw7leI4c,67e5ebfad8af26b1bb60e460,,2026-08-18 19:45:34,2026-08-18 20:00:01,2026-08-18 20:00:01,867,100,True,I consent to participate,5,2,3,79.5328,46.891200000000005,0,0,I feel like you are slightly wrong but it's fixable.,0,0,0,0
R_5F3QVO5Q3Lscpua,69d2ade106fb9a39a40b3ad3,,2026-08-18 19:47:53,2026-08-18 20:02:12,2026-08-18 20:02:12,858,100,True,I consent to participate,5,1,4,96.58239999999999,36.4858,0,0,the kid who ate their Mom's Christmas Chocolate. When Commentor A said it was wrong to gorge out on the Chocolate. ,0,0,0,0
R_3talLseFNLvECTD,6a15ef3f8c304c656fa93be4,,2026-08-18 19:46:43,2026-08-18 20:02:15,2026-08-18 20:02:15,931,100,True,I consent to participate,5,4,1,62.191199999999995,68.85900000000001,0,0,"In the situation about the daughter grabbing another child's toy at the park, response B explained that even if the child meant no harm, the parent's job is to model accountability by offering quick, polite apology to de-escalate the situation and teach boundaries.",0,0,0,0
R_3fMLOIzhlArbE10,6a14e67cf20909f60e34ae64,,2026-08-18 19:50:17,2026-08-18 20:03:16,2026-08-18 20:03:17,778,100,True,I consent to participate,5,2,3,70.804,59.866200000000006,0,0,"Yes, you were technically wrong for not correcting the cashier, and you didn't do it because the mistake benefited you. However, it was on the cashier to catch the mistake and CVS is a big billionaire company that can afford to take the hit of a face wash.",0,0,0,0
R_1WMBR4WtLLl5BoL,69fd346d91e0db681a60069e,,2026-08-18 19:48:47,2026-08-18 20:03:50,2026-08-18 20:03:51,903,100,True,I consent to participate,5,3,2,75.581,37.7792,0,0,the situation about a husband wanting his wife to do more house chores just because he earns more than him. one of the responses was that they should both share the house chores and  take care of the child since it is their both  responsibility ,0,0,0,0
R_7PxRDJXs8BTIWdz,6a01df5c052f3cc4e1df3f0d,,2026-08-18 19:46:18,2026-08-18 20:04:25,2026-08-18 20:04:26,1086,100,True,I consent to participate,5,1,4,106.08580000000002,89.1658,0,0,You're in the wrong.,0,0,0,0
R_1KZ2inGeD1n2dKK,6a02d6ae830868fc71cdbdb9,,2026-08-18 19:47:05,2026-08-18 20:05:00,2026-08-18 20:05:01,1075,100,True,I consent to participate,5,2,3,56.1742,138.2672,0,0,"From the tattoo situation, Response B: ""Her body, her choice. Full stop.""",0,0,0,0
R_5fu8czZbnPoH5v3,69b32bdf1b7617a66b7b7f2a,,2026-08-18 19:45:42,2026-08-18 20:08:17,2026-08-18 20:08:18,1355,100,True,I consent to participate,5,2,3,130.31159999999997,98.83380000000001,0,0,"The nurse one with the patient, and basically saying that the wife was just giving a compliment and  it wasn't really meant to be something to get upset over even if the reaction was a bit much",0,0,0,0
R_7du8KGpbP5ZfGFj,6444b1e677ebe8b4e2c23abd,,2026-08-18 19:51:56,2026-08-18 20:10:32,2026-08-18 20:10:33,1116,100,True,I consent to participate,5,2,3,109.7426,42.273999999999994,0,0,You are definitely in the wrong. You are putting your wife's life in danger by pressuring her into a high risk surgery.,0,0,0,0
R_14NJNuHAr7HCvYi,66b588a4b3e0e55fc74390b3,,2026-08-18 19:45:37,2026-08-18 20:11:47,2026-08-18 20:11:48,1569,100,True,I consent to participate,5,3,2,97.0008,173.071,0,0,"As a dog owner, I wouldn't mind if someone put their dog's poop bag into my trash can IF it's already full. But if it's already been emptied then h no, and if I wasn't a dog owner I'd be pretty pissed. You're in the wrong.",0,0,0,0
R_7qxPXoKRxKAfXEZ,69fcca030785a9f9e258b889,,2026-08-18 19:57:30,2026-08-18 20:15:45,2026-08-18 20:15:46,1095,100,True,I consent to participate,5,4,1,70.5594,97.2654,0,0,"For the individual who wanted to sit in the back of the theater and respond to messages, Response A explained that she recognized that it would be difficult for the writer to enjoy the movie while thinking about unanswered messages. However, she advised him to shut his phone off as his office can function without him during the time that he was at the movies.",0,0,0,0
